{"cameraMode":{"drawMode":0,"name":"Shaded","section":"Shading Mode"},"sceneLighting":true,"audioPlay":false,"sceneViewState":{"m_AlwaysRefresh":false,"showFog":true,"showSkybox":true,"showFlares":true,"showImageEffects":true,"showParticleSystems":true,"showVisualEffectGraphs":true,"m_FxEnabled":true},"in2DMode":false,"pivot":{"x":3.178945541381836,"y":2.495724678039551,"z":-4.920013904571533},"rotation":{"x":-0.2216971069574356,"y":0.36696889996528628,"z":-0.09050755202770233,"w":-0.8988844156265259},"size":-0.012391200289130211,"orthographic":false}